answer_to_Q1,answer_to_Q2,answer_to_Q3,answer_to_Q4,answer_to_Q5,respondant_age,respondant_gender,respondant_occupation
5,5,5,Difference-honoring feminism,No,19,Male,Student
4,5,9,Difference-honoring feminism,No,21,Male,Student
8,1,10,Difference-honoring feminism,No,21,Male,Student
2,3,8,Difference-honoring feminism,No,21,Male,Student
1,3,10,Difference-honoring feminism,No,21,Female,Student
4,5,8,Difference-removing feminism,No,21,Male,Student
7,1,9,Difference-removing feminism,No,20,Female,Student
1,1,5,Difference-honoring feminism,No,22,Female,Student
5,1,8,Difference-honoring feminism,No,22,Male,Student
1,1,10,Difference-honoring feminism,No,21,Male,Student